step,loss,perplexity,learning_rate,tokens_per_sec,grad_norm,vram_mb
1,8.316308975219727,4090.035690243695,2e-05,2288.530350566089,0.18598346895835072,4.5341796875
2,8.316326141357422,4090.1059009621545,4e-05,2014.302026604935,0.17512275664469876,4.5341796875
3,8.316153526306152,4089.399948053164,6e-05,2456.9626653242412,0.19077300838663333,4.5341796875
4,8.315776824951172,4087.859755666168,8e-05,1964.131932135181,0.20990681668395375,4.5341796875
5,8.315195083618164,4085.4823702614817,0.0001,2155.731476629585,0.22515670339263563,4.5341796875
6,8.314804077148438,4083.885232488705,0.00012,2148.6740134034253,0.23163368464846706,4.5341796875
7,8.315290451049805,4085.87201080136,0.00014000000000000001,2211.497659244491,0.17946404143932992,4.5341796875
8,8.313865661621094,4080.0546487953648,0.00016,2219.3827722911437,0.22356113242757153,4.5341796875
9,8.313733100891113,4079.5138296192445,0.00017999999999999998,2170.6356478196444,0.2003437083146738,4.5341796875
10,8.313641548156738,4079.1403560697454,0.0002,1757.6018582023955,0.17883690328139493,4.5341796875
11,8.312618255615234,4074.968337129617,0.00022,2196.577147240833,0.20126453500072022,4.5341796875
12,8.311899185180664,4072.039201130337,0.00024,2181.537447556355,0.19693851499836057,4.5341796875
13,8.312089920043945,4072.8159550453115,0.00026000000000000003,2156.701389739748,0.1677391351439884,4.5341796875
14,8.312042236328125,4072.6217526769046,0.00028000000000000003,2201.1250658548834,0.15288540403897352,4.5341796875
15,8.309907913208008,4063.9387313933858,0.0003,2183.4583070672397,0.18139384562724917,4.5341796875
16,8.309749603271484,4063.2954204333855,0.00032,2205.3837941311185,0.17188476661029195,4.5341796875
17,8.30839729309082,4057.8042983562527,0.00034,2204.591383190158,0.18694175076342542,4.5341796875
18,8.305669784545898,4046.7516823631267,0.00035999999999999997,2267.694112926219,0.2219088883762563,4.5341796875
19,8.305156707763672,4044.6759205895924,0.00038,1984.5225909237088,0.21608861432876034,4.5341796875
20,8.304616928100586,4042.4932759104845,0.0004,2220.764432751949,0.20704715553389186,4.5341796875
21,8.304296493530273,4041.198128830658,0.00042,2213.1751116644236,0.1954776633087116,4.5341796875
22,8.29954719543457,4022.0507784806764,0.00044,2173.3068803523465,0.2630741473167653,4.5341796875
23,8.301010131835938,4027.939089034417,0.00046,2219.3185508540437,0.2197203066526167,4.5341796875
24,8.301186561584473,4028.6498000084457,0.00048,2094.198852399546,0.20303984303493564,4.5341796875
25,8.299078941345215,4020.1678776284734,0.0005,2307.5986907568554,0.21762160388371998,4.5341796875
26,8.299748420715332,4022.8601982129394,0.0005200000000000001,2105.1037003054507,0.19748300801034366,4.5341796875
27,8.29549503326416,4005.7857529851503,0.00054,2358.8352899824254,0.23544447477685682,4.5341796875
28,8.289475440979004,3981.74498637115,0.0005600000000000001,966.0078036931243,0.2994246041792085,4.5341796875
29,8.292377471923828,3993.3169164642522,0.00058,2519.3793046812125,0.2492330072790336,4.5341796875
30,8.291349411010742,3989.2136529926643,0.0006,1951.4453509357013,0.23892655148035638,4.5341796875
31,8.289243698120117,3980.8223523157067,0.00062,2066.608972471308,0.24619999698831427,4.5341796875
32,8.28547191619873,3965.835839231478,0.00064,1784.6114611570852,0.2692659113735805,4.5341796875
33,8.28938102722168,3981.3690726122745,0.00066,2152.529176389457,0.21625233104396768,4.5341796875
34,8.277033805847168,3932.5124696419657,0.00068,2203.053468694346,0.31265512944386303,4.5341796875
35,8.272576332092285,3915.022408221928,0.0007,2256.874347629607,0.33939756836305973,4.5341796875
36,8.271347999572754,3910.2164111687243,0.0007199999999999999,2020.9404413259351,0.32290165592870207,4.5341796875
37,8.261162757873535,3870.592046340426,0.00074,2209.5180775451577,0.39975059034612026,4.5341796875
38,8.261666297912598,3872.54153519229,0.00076,2155.7704295311178,0.3585300176465927,4.5341796875
39,8.26491641998291,3885.148243477074,0.0007800000000000001,2176.716956728869,0.3126849136794376,4.5341796875
40,8.25497817993164,3846.7279389295186,0.0008,2206.3989117413166,0.36639933592824064,4.5341796875
41,8.244255065917969,3805.6994066143725,0.00082,2188.446998925895,0.4280221208804009,4.5341796875
42,8.229429244995117,3749.6929851834097,0.00084,2351.9169753295996,0.517268610546708,4.5341796875
43,8.226116180419922,3737.2905665377584,0.00086,2159.2168322665366,0.5031460610318189,4.5341796875
44,8.220520973205566,3716.4380428944146,0.00088,2229.3914913938083,0.5088679296464946,4.5341796875
45,8.210012435913086,3677.588200149049,0.0009000000000000001,2175.645199461834,0.5456236942649489,4.5341796875
46,8.199348449707031,3638.578817749189,0.00092,2131.340872233702,0.581354360159657,4.5341796875
47,8.194572448730469,3621.2423941043553,0.00094,1974.4034893192922,0.5695397927543706,4.5341796875
48,8.185426712036133,3588.274452516662,0.00096,1722.4929599833163,0.5808126324474918,4.5341796875
49,8.185264587402344,3587.69275199038,0.00098,1684.723733015345,0.5376977876471442,4.5341796875
50,8.151259422302246,3467.7436701789925,0.001,1913.5382844230114,0.7064332733403892,4.5341796875
51,8.147369384765625,3454.2802207742398,0.0009999890338174275,1722.7140457415146,0.6675793701636531,4.5341796875
52,8.150007247924805,3463.4041678814606,0.0009999561358041869,753.7384123463116,0.6091406286771104,4.5341796875
53,8.125642776489258,3380.039843716052,0.0009999013075636803,2170.7278012962806,0.6912377975169199,4.5341796875
54,8.124917030334473,3377.58768272729,0.0009998245517681594,2498.0267450841716,0.6513268186979907,4.5341796875
55,8.085203170776367,3246.0792770582184,0.000999725872158593,2159.6467786573985,0.8080243856524565,4.5341796875
56,8.078722953796387,3225.111988671375,0.0009996052735444863,2227.0148005575097,0.773806403583869,4.5341796875
57,8.05396842956543,3146.2559247589916,0.0009994627618036453,2149.76670023565,0.8439019639058138,4.5341796875
58,8.04353141784668,3113.5891829208986,0.0009992983438818915,2253.8613982758225,0.8365876182101623,4.5341796875
59,8.027254104614258,3063.3185617692525,0.0009991120277927223,2204.564224911406,0.8583772978590005,4.5341796875
60,8.02075481414795,3043.4737231856525,0.0009989038226169207,2080.8546811108313,0.828983295750561,4.5341796875
61,8.024225234985352,3054.0542065585473,0.0009986737385021141,2210.9238983389373,0.7687345707634592,4.5341796875
62,8.028355598449707,3066.6946473084163,0.000998421786662277,2345.525770943875,0.7145127530462997,4.5341796875
63,7.9809770584106445,2924.7873565580276,0.0009981479793771866,2106.0368429311156,0.8428208079254498,4.5341796875
64,7.968210220336914,2887.68441753997,0.000997852329991824,2235.2763624100157,0.8431333927643696,4.5341796875
65,7.912676811218262,2731.6929145813297,0.0009975348529157229,2353.478953874749,1.0071682930614674,4.5341796875
66,7.931695938110352,2784.144539722396,0.0009971955636222684,2196.7658940675105,0.8942707693694151,4.5341796875
67,7.9048967361450195,2710.522598737868,0.0009968344786479416,2183.0321434235084,0.9249812179698947,4.5341796875
68,7.877104759216309,2636.228982378521,0.000996451615591515,2177.0391312457928,0.9635916679796908,4.5341796875
69,7.81014347076416,2465.4841348050445,0.0009960469931131937,2247.4220099379195,1.15250460262643,4.5341796875
70,7.786639213562012,2408.210485575823,0.0009956206309337066,2164.3264363275007,1.1740929300961782,4.5341796875
71,7.813939094543457,2474.859967324743,0.0009951725498333448,2543.7066595280457,1.0178138299057031,4.5341796875
72,7.7790422439575195,2389.984701735354,0.0009947027716509487,2521.24867978313,1.076921096350488,4.5341796875
73,7.744723796844482,2309.355584491459,0.0009942113192828446,2199.740687778875,1.1299735729769287,4.5341796875
74,7.694850444793701,2197.0052121889557,0.0009936982166817271,2188.6343510687957,1.2418094899919132,4.5341796875
75,7.636436462402344,2072.3457607414416,0.0009931634888554937,2212.4500307015196,1.3672185887116555,4.5341796875
76,7.719748020172119,2252.3919517199042,0.0009926071618660236,2178.969761047131,1.0673074049610112,4.5341796875
77,7.640857696533203,2081.5283708263923,0.00099202926282791,2214.370936508166,1.2250829082299022,4.5341796875
78,7.591699123382568,1981.677769829057,0.0009914298199071362,2198.961332800868,1.3169809800968952,4.5341796875
79,7.549478530883789,1899.75181109693,0.0009908088623197047,2167.1264824368072,1.3788373120695439,4.5341796875
80,7.587897777557373,1974.159027036559,0.0009901664203302125,2218.0486476772026,1.2147110355060073,4.5341796875
81,7.528831958770752,1860.9305899555723,0.0009895025252503755,2174.4423846853288,1.299687970572263,4.5341796875
82,7.509310722351074,1824.9552083601081,0.0009888172094375035,2212.9972176307406,1.3161569883547575,4.5341796875
83,7.446343421936035,1713.5858152935439,0.000988110506292922,2191.1130918856265,1.4200707132675336,4.5341796875
84,7.422078609466553,1672.5063847210097,0.000987382450260346,2178.5895495890322,1.4191120533755646,4.5341796875
85,7.364315986633301,1578.6352495196636,0.0009866330768241983,2217.256268249268,1.5159074762805662,4.5341796875
86,7.318297386169434,1507.6348633160826,0.000985862422507884,1267.1717973501009,1.5619945211824777,4.5341796875
87,7.271857261657715,1439.2209822805369,0.0009850705248720068,2163.3365784468588,1.6369466311874816,4.5341796875
88,7.334218978881836,1531.8309203175045,0.00098425742251254,2262.3284915447794,1.4325308454316976,4.5341796875
89,7.214040756225586,1358.3700349346004,0.0009834231550589461,2502.725512727578,1.6446941458095214,4.5341796875
90,7.199361324310303,1338.5755756503668,0.0009825677631722434,2213.8824092172435,1.6002936590383328,4.5341796875
91,7.167056560516357,1296.0242141771655,0.0009816912885430259,2193.3106813766844,1.613557355638244,4.5341796875
92,7.131661891937256,1250.9541910581345,0.0009807937738894302,2217.3615808591967,1.6500636537146873,4.5341796875
93,7.139804363250732,1261.1816314870412,0.0009798752629550545,2177.944378071711,1.5710205907932986,4.5341796875
94,7.125296115875244,1243.0161893905426,0.000978935800506826,2212.8695164727364,1.5382842967136925,4.5341796875
95,6.986943244934082,1082.4077587548977,0.0009779754323328191,2192.1822439542266,1.769413744669688,4.5341796875
96,6.96627140045166,1060.2620785396018,0.0009769942052400235,2199.1865231594793,1.7734185754483025,4.5341796875
97,6.877390384674072,970.0914880955431,0.0009759921670520634,2169.1929308519666,1.8863312426304468,4.5341796875
98,6.947686195373535,1040.7388737118363,0.0009749693666068665,2215.7417895694775,1.6655583893159858,4.5341796875
99,6.931132793426514,1023.6529103720387,0.0009739258537542836,2176.200793673313,1.6791503884066734,4.5341796875
100,7.216270446777344,1361.4021588601306,0.0009728616793536588,2241.646239955574,1.2718730736214445,4.5341796875
101,6.755163192749023,858.479836142068,0.0009717768952713512,2488.2090412761972,1.9242693549754561,4.5341796875
102,6.784913063049316,884.4031962857684,0.0009706715543782064,2514.988918739767,1.7652654493921227,4.5341796875
103,6.6235246658325195,752.5930668347726,0.0009695457105469805,2217.599715814627,2.080297116941755,4.5341796875
104,6.581804275512695,721.8405542480575,0.0009683994186497131,2189.15196653095,2.089635031555095,4.5341796875
105,6.62700080871582,755.2137401465895,0.0009672327345550543,2198.2860383461802,1.932302558066167,4.5341796875
106,6.699154853820801,811.719513546117,0.0009660457151255409,2210.0274241020893,1.7603090276797084,4.5341796875
107,6.488631248474121,657.6226249410628,0.0009648384182148253,2176.924373223474,2.08032413685994,4.5341796875
108,6.365832328796387,581.6287332485705,0.0009636109026648555,2213.590308987606,2.2602551594522526,4.5341796875
109,6.480621814727783,652.3764774772219,0.0009623632283030078,2202.809409119444,1.9836185116867184,4.5341796875
110,6.3709564208984375,584.6167012207283,0.0009610954559391703,2177.953213456253,2.1229219199232237,4.5341796875
111,6.4183244705200195,612.975195201746,0.0009598076473627797,2202.7190304064725,1.9409893126683493,4.5341796875
112,6.3479204177856445,571.3034004192713,0.000958499865339809,2510.6372893562198,2.0125962971291025,4.5341796875
113,6.364866256713867,581.067109295279,0.0009571721736097088,2213.7317854101852,1.9465667669522886,4.5341796875
114,6.183297157287598,484.587085051546,0.0009558246368823013,2212.7418300518902,2.2165714871148112,4.5341796875
115,6.14924430847168,468.36331482548803,0.0009544573208346252,2523.0734005531417,2.182722550115159,4.5341796875
116,6.118391513824463,454.13363903060747,0.0009530702921077359,2173.3684664352436,2.18757413187624,4.5341796875
117,5.932729244232178,377.18253358237627,0.0009516636183034566,2031.631872124001,2.473889446534977,4.5341796875
118,6.001934051513672,404.20980057196044,0.0009502373679810839,2231.9866630635875,2.2502194106855176,4.5341796875
119,5.9239654541015625,373.89142736338164,0.0009487916106540466,2459.3938083502067,2.331629021945658,4.5341796875
120,5.820834636688232,337.25342027206733,0.0009473264167865172,2168.24240074473,2.4387016520277904,4.5341796875
121,5.707708358764648,301.18008014580823,0.0009458418577899774,2239.215343773005,2.5575090660957023,4.5341796875
122,5.69865083694458,298.46445199426176,0.0009443380060197386,2203.672899593844,2.564507237059547,4.5341796875
123,5.78883695602417,326.63291493279854,0.0009428149347714144,2168.6671891031597,2.2969419618708775,4.5341796875
124,5.616698265075684,274.9799717668688,0.0009412727182773486,2210.7190558742263,2.530957583307329,4.5341796875
125,5.651396751403809,284.6888277712285,0.0009397114317029975,2178.722166422161,2.391578141848215,4.5341796875
126,5.550922870635986,257.4750624696531,0.0009381311511432659,1975.0971672430285,2.512606118322526,4.5341796875
127,5.666961669921875,289.154651107005,0.000936531953618799,2501.827481517208,2.278989995473133,4.5341796875
128,5.38062047958374,217.15697510094338,0.000934913917072228,2177.7279335410176,2.630398265810662,4.5341796875
129,5.660406112670898,287.2652809407875,0.0009332771203643714,2230.0999300070407,2.15881100843629,4.5341796875
130,5.353308200836182,211.30618615460742,0.0009316216432703917,2176.734607657704,2.56842979876806,4.5341796875
131,5.354536533355713,211.56589988939766,0.0009299475664759069,2213.704401465437,2.5185041878981504,4.5341796875
132,5.188565254211426,179.211245810625,0.0009282549715730579,2131.2012702949464,2.653586389452954,4.5341796875
133,5.340279579162598,208.57101424793612,0.0009265439410565328,2151.769973787785,2.413094788451707,4.5341796875
134,5.329994201660156,206.43677716224772,0.0009248145583195447,2257.5196718450725,2.3504300759915457,4.5341796875
135,5.111554145812988,165.92803094332007,0.0009230669076497688,2258.9444868711985,2.619550873955414,4.5341796875
136,4.868808746337891,130.16576405849761,0.0009213010742252328,2212.1947693943225,2.9028565173265988,4.5341796875
137,5.066815376281738,158.6682233082931,0.0009195171441101668,2266.674457682792,2.573242744499501,4.5341796875
138,5.344456672668457,209.4440569982512,0.0009177152042508078,2102.1569400584594,2.1499359172098114,4.5341796875
139,4.71884298324585,112.0385471703752,0.0009158953424711624,2253.308005154055,2.905474483504771,4.5341796875
140,5.051911354064941,156.32096383621106,0.0009140576474687263,2067.8905410740595,2.373525960227567,4.5341796875
141,4.771543502807617,118.10139117946166,0.0009122022088101613,2255.8786154735017,2.7260333140377555,4.5341796875
142,4.572714805603027,96.8065643583904,0.00091032911692693,2246.683721017821,2.951794077210401,4.5341796875
143,4.669651985168457,106.66061649615513,0.0009084384631108883,2222.8976745052655,2.74029998328705,4.5341796875
144,4.9817728996276855,145.73252189143227,0.0009065303395098358,2124.5890761157766,2.3239536995280137,4.5341796875
145,4.38310432434082,80.08626164664892,0.0009046048391230248,850.7156555848967,3.0066775026229045,4.5341796875
146,5.014410018920898,150.56727871063754,0.000902662055796628,2181.9541598167857,2.1743688561512577,4.5341796875
147,4.781391143798828,119.27015662645087,0.0009007020842191634,2209.2907664831323,2.360895696592336,4.5341796875
148,4.90127420425415,134.46100135602356,0.0008987250199168808,2226.4606605510676,2.2349802639717473,4.5341796875
149,4.64204216003418,103.75601777031628,0.0008967309592491052,2206.775286394857,2.4585788385550944,4.5341796875
150,4.249063491821289,70.03978878794926,0.00089471999940354,2229.956353788514,2.905769305733469,4.5341796875
151,4.063721656799316,58.19047355975458,0.0008926922383915316,2632.236281623848,3.062260026251981,4.5341796875
152,4.482382297515869,88.44512449707375,0.0008906477750432905,2472.3960468993214,2.4577121283265124,4.5341796875
153,4.343865394592285,77.00461803934915,0.000888586709003076,2144.584170201887,2.58202824224138,4.5341796875
154,4.353269577026367,77.7321993069621,0.0008865091407243394,2195.4453470516914,2.5207852359500422,4.5341796875
155,4.224647521972656,68.35040728537786,0.0008844151714648274,1919.2982759699346,2.6212573401258465,4.5341796875
156,4.161891460418701,64.1928260330567,0.0008823049032816478,2242.081552879074,2.631249788929492,4.5341796875
157,3.7357685565948486,41.920231255757905,0.0008801784390262943,2157.8629688803144,3.1027703728679827,4.5341796875
158,4.11784553527832,61.42675781645742,0.0008780358823396353,1956.4909968841675,2.605356037102845,4.5341796875
159,3.7695422172546387,43.36021073545613,0.0008758773376468605,2203.464876656331,2.9451298449920222,4.5341796875
160,3.8692450523376465,47.90620574736737,0.000873702910152393,2153.137787830844,2.8199852353554675,4.5341796875
161,3.5686984062194824,35.470395046982176,0.0008715127058347616,2156.8053607692445,3.097536872208212,4.5341796875
162,4.21260404586792,67.53216790184447,0.0008693068314414344,2084.518676847155,2.3320479202613984,4.5341796875
163,3.356715679168701,28.694793041168662,0.0008670853944836176,2406.4838823184,3.2336525500079434,4.5341796875
164,3.5464320182800293,34.68932553923718,0.0008648485032310145,2180.4210889699807,2.9495175540935388,4.5341796875
165,3.7228176593780518,41.380827072835245,0.0008625962667065488,2212.4500307015196,2.676723405025587,4.5341796875
166,3.4396700859069824,31.176670848350614,0.0008603287946810515,2159.8379209075915,2.9229974423091494,4.5341796875
167,3.2800354957580566,26.576716043814137,0.0008580461976679099,2082.2145506939473,3.0364117773956987,4.5341796875
168,3.469365358352661,32.11635360007723,0.0008557485869176825,2232.5853358312143,2.7519668597683045,4.5341796875
169,4.079362869262695,59.107798455144675,0.0008534360744126755,2075.954557757894,2.1074884150926456,4.5341796875
170,3.501814365386963,33.17559002821821,0.0008511087728614862,2096.0098383888467,2.6142199420896146,4.5341796875
171,3.4645304679870605,31.961449325825118,0.0008487667956935087,2202.827485752034,2.6238145993848754,4.5341796875
172,3.250385284423828,25.800278447905985,0.0008464102570534061,2364.3305926340217,2.8134751429833917,4.5341796875
173,3.509397029876709,33.42810555701645,0.0008440392717955475,2063.174101515664,2.532525629597069,4.5341796875
174,3.390028953552246,29.666811217502566,0.0008416539554784089,2321.0067550187086,2.554396974431917,4.5341796875
175,3.475277900695801,32.30680537291061,0.0008392544243589427,2189.8841856016184,2.443847482455199,4.5341796875
176,2.983337879180908,19.753641995476613,0.0008368407953869105,2160.7071759166097,2.8545796365255125,4.5341796875
177,2.768061399459839,15.927726561559954,0.0008344131861991829,2204.3696101597834,3.0771027287294617,4.5341796875
178,2.804561138153076,16.519824394328573,0.0008319717151140072,1953.611181563956,2.9144767884801697,4.5341796875
179,3.105353355407715,22.317103451371732,0.0008295165011252397,2196.226703456514,2.5363508417522866,4.5341796875
180,3.403420925140381,30.06678052152894,0.0008270476638965462,1990.0544227269188,2.2112377435904285,4.5341796875
181,2.6993017196655273,14.869345127627463,0.0008245653237555705,2184.782250581935,2.8924828093636834,4.5341796875
182,2.6997663974761963,14.876256187951284,0.0008220696016880688,2183.986803432572,2.797057742626744,4.5341796875
183,3.4885671138763428,32.7390028180842,0.0008195606193320136,2241.5011732090816,1.990758489687852,4.5341796875
184,2.8834586143493652,17.875992550681943,0.0008170384989716657,2231.532071958235,2.4830801120402395,4.5341796875
185,2.537168025970459,12.64381326994531,0.000814503363531613,2212.6369558005017,2.8237570341726466,4.5341796875
186,2.863058567047119,17.51501594562243,0.0008119553365707803,2122.036190009407,2.3797458442693653,4.5341796875
187,3.0527985095977783,21.17451867780878,0.000809394542276407,2313.9591231563613,2.1454293348650504,4.5341796875
188,2.7240631580352783,15.242127771041334,0.0008068211054579944,2192.7149724517344,2.437747326112586,4.5341796875
189,2.245128631591797,9.44162997024492,0.0008042351515412221,1921.9573308798917,2.851143726818489,4.5341796875
190,3.052875518798828,21.176149373363245,0.0008016368065618361,2248.0948865527835,2.058236939376617,4.5341796875
191,3.3190231323242188,27.6333432495866,0.0007990261971595049,2189.7948643693444,1.7337295359545786,4.5341796875
192,2.3937196731567383,10.954164166584878,0.0007964034505716477,2238.827823185988,2.479654516272395,4.5341796875
193,2.097696542739868,8.147381137073374,0.000793768694627233,1037.6452583961723,2.7728247492812046,4.5341796875
194,2.6100447177886963,13.59965898491047,0.0007911220577405485,2502.4746988850357,2.136504051824046,4.5341796875
195,2.4129223823547363,11.16654642678941,0.0007884636689049423,2125.1777820001266,2.3013419606144776,4.5341796875
196,3.071302890777588,21.569987713225096,0.0007857936576865357,2156.471822556415,1.6310220563162903,4.5341796875
197,2.3246774673461914,10.223382179393118,0.0007831121542179086,1978.572881137308,2.2823487891045806,4.5341796875
198,2.359954833984375,10.59047311215744,0.0007804192891917572,2247.3138226288174,2.2134040277789278,4.5341796875
199,2.275745153427124,9.735170506152995,0.0007777151938545237,2171.2413710823835,2.2417277956651267,4.5341796875
200,2.0427794456481934,7.712014562891436,0.0007750000000000001,2228.8361681370006,2.431543969383551,4.5341796875
201,2.0808613300323486,8.011366373833331,0.000772273839962904,2193.2210804108886,2.308823953868996,4.5341796875
202,2.1215291023254395,8.343886394100817,0.0007695368466124297,2192.947842674324,2.156185620060084,4.5341796875
203,1.9145485162734985,6.783875296192124,0.0007667891533457719,2078.4982897627738,2.324612002525382,4.5341796875
204,2.8913021087646484,18.01675410802372,0.0007640308940816239,2341.9191429219522,1.4501963603100325,4.5341796875
205,3.032698631286621,20.753162221586543,0.0007612622032536509,2198.277037222053,1.2402620570762823,4.5341796875
206,2.920840263366699,18.556873571673137,0.0007584832158039379,2192.5224440455845,1.2734450097259384,4.5341796875
207,2.9561800956726074,19.224395965389647,0.0007556940671764124,2193.870853322654,1.239848032946986,4.5341796875
208,1.6135187149047852,5.02044570141442,0.0007528948933102439,2062.579620501669,2.4349911200593546,4.5341796875
209,1.6258010864257812,5.082488919681358,0.0007500858306332174,2415.3237267013683,2.3856467235455705,4.5341796875
210,1.3511360883712769,3.861810397311823,0.0007472670160550848,2180.832945401073,2.557890297793603,4.5341796875
211,1.80609130859375,6.086610195413761,0.0007444385869608922,1943.765374192392,2.0750096192613383,4.5341796875
212,2.5734682083129883,13.111218113731974,0.0007416006812042827,1964.7105545329123,1.3065466431798791,4.5341796875
213,2.254559278488159,9.531091827173237,0.0007387534371007797,2340.4438845016207,1.5152644246032383,4.5341796875
214,1.8057302236557007,6.084412808893883,0.0007358969934210439,2003.8291371572004,1.947100911128673,4.5341796875
215,2.0590898990631104,7.838832434202263,0.0007330314893841101,2197.417769391656,1.7020746775771038,4.5341796875
216,1.8613945245742798,6.4327010792366215,0.0007301570646506028,2248.1560771340633,1.9222890657145797,4.5341796875
217,1.8627151250839233,6.441201719299629,0.000727273859315928,2229.720187972813,1.9940322123143872,4.5341796875
218,2.047386884689331,7.747629182966099,0.0007243820139034463,2242.9386302251205,1.736108358335646,4.5341796875
219,2.536839008331299,12.639653916641075,0.0007214816693576234,2323.9806851114763,1.3036857021592094,4.5341796875
220,1.8585315942764282,6.414311041678665,0.0007185729670371605,2090.016552862493,1.6751650950844112,4.5341796875
221,1.967099905014038,7.149910970957353,0.0007156560487081052,2302.0279954462912,1.546467341177747,4.5341796875
222,2.5162746906280518,12.382382430550738,0.0007127310565369414,2181.1696317934175,1.1420974833519815,4.5341796875
223,1.932713508605957,6.908230374046366,0.0007097981330836617,2638.2900163151376,1.5168072267991024,4.5341796875
224,1.5079375505447388,4.517404261910263,0.0007068574212948169,2537.9467564852566,1.81314697682821,4.5341796875
225,2.757321357727051,15.75757745337555,0.0007039090644965511,2213.0337063830666,0.9487749245823086,4.5341796875
226,2.024122953414917,7.569469255365827,0.0007009532063876148,2204.935445980467,1.4082411357022768,4.5341796875
227,2.0698461532592773,7.923604003422798,0.0006979899910323625,2080.1572775546656,1.3621650696158125,4.5341796875
228,1.8526480197906494,6.376682767812398,0.00069501956285373,2220.7919916441742,1.4920151878022325,4.5341796875
229,1.5296767950057983,4.616684445671488,0.0006920420666261962,2291.7003510943687,1.6329395988300952,4.5341796875
230,1.3281147480010986,3.773921882989062,0.0006890576474687264,2272.4309937609523,1.7281945899394557,4.5341796875
231,2.6018316745758057,13.488421821086174,0.0006860664508377001,2592.082889346488,0.923281997001339,4.5341796875
232,1.7263392210006714,5.620042471034782,0.0006830686225198211,2341.1889383840166,1.3768703518388496,4.5341796875
233,1.8526883125305176,6.3769397070087415,0.0006800643086250122,2340.4336815765323,1.2507140351332917,4.5341796875
234,1.774315357208252,5.896242933890578,0.0006770536555792945,2012.327672222826,1.3007304110930697,4.5341796875
235,1.5480509996414185,4.70229646820568,0.0006740368101176496,1937.0502563510477,1.4362864207806922,4.5341796875
236,1.1545653343200684,3.172644078278135,0.0006710139192768696,2111.3998249909055,1.6988834852373311,4.5341796875
237,1.9938007593154907,7.343391251675323,0.0006679851303883892,2221.6834312364344,1.098579849135851,4.5341796875
238,1.6499245166778564,5.206586801877773,0.0006649505910711058,2377.6022603724036,1.336480862502252,4.5341796875
239,1.9370977878570557,6.938584476946916,0.0006619104492241848,2238.277121142004,1.1198991761875705,4.5341796875
240,1.3047149181365967,3.686637950264615,0.0006588648530198504,2210.4459916254596,1.459071861343207,4.5341796875
241,1.8428869247436523,6.314742157127699,0.0006558139508961655,2147.157280093426,1.0920465842556089,4.5341796875
242,1.0320789813995361,2.806895255997877,0.0006527578915497952,2269.5106992788237,1.6068803873998039,4.5341796875
243,1.0816757678985596,2.949618287460954,0.0006496968239287604,2170.9560245372973,1.5780951768024054,4.5341796875
244,3.0875582695007324,21.92348133509012,0.0006466308972251785,2246.575604775435,0.8661841194203239,4.5341796875
245,1.384942650794983,3.9945968112960384,0.0006435602608679916,2256.7652483879374,1.2607331008426248,4.5341796875
246,2.2917532920837402,9.892266518054155,0.0006404850645156842,2156.90500907966,0.7853414862161011,4.5341796875
247,1.8783926963806152,6.542979850816812,0.0006374054580489875,2270.3840789623923,0.9634660243801495,4.5341796875
248,2.3786380290985107,10.790196917446012,0.0006343215915635762,2232.8592544532753,0.8341526534842456,4.5341796875
249,2.1435091495513916,8.529315819487861,0.0006312336153627521,2176.6904808723452,0.8393536640830234,4.5341796875
250,1.398335576057434,4.048456008887414,0.0006281416799501188,1926.0703095010028,1.1872828033533185,4.5341796875
251,0.9943569898605347,2.7029857351341446,0.0006250459360222461,2369.281573192878,1.4343075373062422,4.5341796875
252,2.1546273231506348,8.624675363121113,0.0006219465344613257,2166.894690638742,0.8092038112685411,4.5341796875
253,1.9598830938339233,7.098497158559265,0.0006188436263278172,2090.8590044417097,0.8576434356136902,4.5341796875
254,1.4569313526153564,4.292766309920708,0.0006157373628530854,2208.513716028738,1.0813160953986372,4.5341796875
255,1.9311052560806274,6.897129124300976,0.0006126278954320294,2112.060174749108,0.8361667609416343,4.5341796875
256,1.1406114101409912,3.1286806876202533,0.0006095153756157051,2185.200203512628,1.2722918075673557,4.5341796875
257,1.8420740365982056,6.309611063871604,0.000606399955103937,2202.100135562214,0.8607723965578369,4.5341796875
258,1.2158005237579346,3.372993144986281,0.0006032817857379256,2210.4141385237717,1.151143046299306,4.5341796875
259,2.6792187690734863,14.57370341957306,0.0006001610194928465,2275.82179040449,0.7179233695196069,4.5341796875
260,1.2311776876449585,3.425261049510826,0.0005970378084704442,2217.7783506006376,1.1329404351385204,4.5341796875
261,1.7899941205978394,5.989417252086861,0.0005939123048916173,2215.065289997834,0.8726080822403329,4.5341796875
262,1.7364482879638672,5.677143991978336,0.0005907846610890012,2077.283915364183,0.8757378147418696,4.5341796875
263,2.372898578643799,10.728444498832236,0.0005876550294995421,2214.795719507265,0.7142982335363599,4.5341796875
264,2.1655547618865967,8.7194377871058,0.0005845235626570684,2219.6855805646055,0.7210493055496945,4.5341796875
265,1.3491148948669434,3.8540128140886614,0.0005813904131848563,2244.837772518586,1.0346992334792413,4.5341796875
266,1.1980966329574585,3.3138035318644983,0.0005782557337881911,2184.2000508548704,1.1018723942366744,4.5341796875
267,1.8351709842681885,6.266205476400435,0.0005751196772469237,2239.084598942748,0.8102732831970361,4.5341796875
268,0.7816829085350037,2.185146574688638,0.000571982396408026,2234.3832826279668,1.3165515795443934,4.5341796875
269,2.0862832069396973,8.054920983340732,0.0005688440441781398,2166.453111443802,0.7081311602762285,4.5341796875
270,0.8411409258842468,2.3190112880170393,0.0005657047735161255,2210.6644376273907,1.2423329486472448,4.5341796875
271,1.4018924236297607,4.062881389045343,0.000562564737425606,2080.67726245703,0.9244139930002299,4.5341796875
272,1.0558196306228638,2.8743300776375564,0.0005594240889475107,2258.512102982626,1.0830057082092395,4.5341796875
273,1.4004884958267212,4.0571813990262715,0.0005562829811526155,2165.587963373805,0.880873544412812,4.5341796875
274,2.0928215980529785,8.107759759167077,0.0005531415671340827,2249.946197850093,0.6427148970527486,4.5341796875
275,1.7910597324371338,5.995803047806649,0.00055,2202.231113481141,0.7268778985687923,4.5341796875
276,3.2717409133911133,26.357185001347744,0.0005468584328659173,2223.961226662469,0.8429956103154209,4.5341796875
277,2.438053846359253,11.450734155846048,0.0005437170188473847,2220.7185027848386,0.6822941189889858,4.5341796875
278,1.2989890575408936,3.665589094210343,0.0005405759110524894,2189.9243825334993,0.8929909197818894,4.5341796875
279,1.3446446657180786,3.8368229436223844,0.0005374352625743941,2127.6792099141194,0.8887818063919529,4.5341796875
280,1.0020744800567627,2.7239267029662604,0.0005342952264838747,2334.104651289175,1.034475493884693,4.5341796875
281,1.7180227041244507,5.573497108897605,0.0005311559558218603,1977.1993326728807,0.7474697027839615,4.5341796875
282,2.2812163829803467,9.788579832844157,0.000528017603591974,2182.6549498620775,0.6412400512479093,4.5341796875
283,2.0452914237976074,7.731411326885524,0.0005248803227530762,2186.245785781913,0.636724769781588,4.5341796875
284,1.7207021713256836,5.588451137064137,0.000521744266211809,2144.331480723337,0.687439721426996,4.5341796875
285,1.204327940940857,3.334517332277981,0.0005186095868151436,2357.820059903908,0.9049653684152926,4.5341796875
286,0.553581953048706,1.7394725812409688,0.0005154764373429316,1887.6056522243591,1.238517947344097,4.5341796875
287,1.1305279731750488,3.0972913552577936,0.0005123449705004581,1337.2878214029954,0.9328038180705022,4.5341796875
288,1.0760248899459839,2.9329973601565027,0.000509215338910999,2213.695273634405,0.9283151293600012,4.5341796875
289,1.9232290983200073,6.843019614458743,0.0005060876951083828,2174.3807377256667,0.6394123410639294,4.5341796875
290,2.8066632747650146,16.55458784797344,0.000502962191529556,2241.870896483759,0.6481320677174298,4.5341796875
291,0.7690582275390625,2.1577332028909755,0.0004998389805071536,2216.8030803216584,1.0841507774387662,4.5341796875
292,0.8330578804016113,2.3003421676223303,0.0004967182142620745,2295.6592713270775,1.0386848951799836,4.5341796875
293,0.43471014499664307,1.5445153085731782,0.0004936000448960631,2436.8885297989195,1.2257328057617942,4.5341796875
294,1.037302851676941,2.8215964779039826,0.0004904846243842948,2009.61971622737,0.9368623651687524,4.5341796875
295,0.9779918789863586,2.6591110600423313,0.0004873721045679706,2167.607718054417,0.9447503557129546,4.5341796875
296,1.3512531518936157,3.8622625009014406,0.0004842626371469148,2229.3590899370274,0.8031088489631576,4.5341796875
297,1.1168415546417236,3.055189299830133,0.00048115637367218293,2210.1911925140075,0.8442737850893515,4.5341796875
298,1.2372758388519287,3.446212627330939,0.0004780534655386743,2237.866604419286,0.7910467866097173,4.5341796875
299,1.5714194774627686,4.813475967346602,0.000474954063977754,2213.704401465437,0.690024481478916,4.5341796875
300,1.879233956336975,6.5484865137033,0.00047185832004988137,2194.4088876535843,0.6103144959918054,4.5341796875
301,1.6369211673736572,5.13932201655793,0.000468766384637248,2251.1113058536675,0.6313474318781996,4.5341796875
302,1.2608639001846313,3.5284684155706403,0.0004656784084364238,2175.77304918551,0.7458540053920811,4.5341796875
303,0.7634552717208862,2.145677324902903,0.0004625945419510127,2213.2572262496883,0.9653224084989668,4.5341796875
304,1.624558687210083,5.07617836036245,0.000459514935484316,2253.0857784352606,0.628352844940821,4.5341796875
305,1.8547409772872925,6.390042870001061,0.00045643973913200836,2116.7651521125426,0.6161584220883387,4.5341796875
306,1.4360933303833008,4.204239119257751,0.00045336910277482155,2211.6844234437244,0.6432843159804479,4.5341796875
307,1.9781304597854614,7.229215035350001,0.0004503031760712397,2147.363395649844,0.5736219939353956,4.5341796875
308,2.401029109954834,11.034526280334498,0.00044724210845020486,2240.902386696608,0.5659359187726122,4.5341796875
309,1.4763991832733154,4.377155933685124,0.00044418604910383445,2109.5455802841693,0.6493090315937233,4.5341796875
310,0.9878816604614258,2.6855395579696557,0.00044113514698014957,2258.17011432369,0.8166090959177332,4.5341796875
311,1.4327049255371094,4.190017562853642,0.0004380895507758154,2153.042804521274,0.6563362406695429,4.5341796875
312,2.029101610183716,7.607249012895766,0.0004350494089288943,2225.48696616405,0.5933158598373031,4.5341796875
313,1.345583200454712,3.84042562558992,0.00043201486961161095,2174.0153311007534,0.6485913203896021,4.5341796875
314,1.6123998165130615,5.014831474253962,0.00042898608072313045,2220.1583101235856,0.5850475261592547,4.5341796875
315,1.4574086666107178,4.294815796444639,0.00042596318988235036,2100.775016287856,0.651505058715053,4.5341796875
316,2.636237621307373,13.960579686700491,0.0004229463444207055,2175.8127297412307,0.724053269972606,4.5341796875
317,2.294093608856201,9.915444666830128,0.00041993569137498767,2107.5539312191227,0.5341042207541031,4.5341796875
318,1.7865691184997559,5.9689385752068,0.00041693137748017916,2175.186827434202,0.6202799116399692,4.5341796875
319,1.4812171459197998,4.398295792102697,0.0004139335491623,2253.610682248444,0.6079737567720183,4.5341796875
320,1.8825583457946777,6.570292458878008,0.0004109423525312737,2186.7889933667743,0.533687528024233,4.5341796875
321,4.1563262939453125,63.836574488817895,0.00040795793337380394,2182.3355466804874,1.3736352949476272,4.5341796875
322,1.5182690620422363,4.564317802577722,0.00040498043714627007,2154.7148711074365,0.5872568900644646,4.5341796875
323,1.520573377609253,4.574847558423866,0.0004020100089676375,2192.491105411895,0.5927311941329384,4.5341796875
324,2.026430368423462,7.586955328387817,0.0003990467936123853,2235.8162774911193,0.5257320183785742,4.5341796875
325,1.3354268074035645,3.801618158984257,0.0003960909355034491,2194.2878069216385,0.639202801347709,4.5341796875
326,1.2080926895141602,3.3470946119400016,0.00039314257870518325,2194.5254965439153,0.6684078793202477,4.5341796875
327,1.099806308746338,3.003584199612007,0.00039020186691633837,2146.5177150282375,0.7144886855157542,4.5341796875
328,1.1771372556686401,3.245071084166909,0.0003872689434630585,2119.677715725118,0.6857598079722675,4.5341796875
329,2.768570899963379,15.935843813959812,0.0003843439512918949,2193.651231824989,0.6693304185505499,4.5341796875
330,2.4484164714813232,11.570010763295295,0.00038142703296283954,1320.4460393080872,0.7503167464624881,4.5341796875
331,1.5349502563476562,4.64109465921261,0.00037851833064237665,2335.0183084226574,0.5866036608842674,4.5341796875
332,2.3196306228637695,10.171916338735278,0.00037561798609655366,2068.1534191483092,0.6070390932412666,4.5341796875
333,0.808814287185669,2.2452441929305107,0.000372726140684072,878.5018220614248,0.8308660488320031,4.5341796875
334,1.349063754081726,3.853815721886879,0.00036984293534939733,775.2866860510874,0.6380959682751618,4.5341796875
335,1.5615496635437012,4.766201533937728,0.0003669685106158899,888.9724550977526,0.55922306412519,4.5341796875
336,0.828504204750061,2.2898909692468115,0.00036410300657895625,837.0160949968857,0.8023062854992329,4.5341796875
337,2.2147586345672607,9.159198130971962,0.00036124656289922025,855.8453177830668,0.5050834854291991,4.5341796875
338,1.224658489227295,3.40300372189215,0.0003583993187957173,804.7959261838179,0.6378796875080616,4.5341796875
339,0.9735296368598938,2.6472718969022364,0.00035556141303910786,833.6647240869021,0.7521341787418386,4.5341796875
340,1.6056841611862183,4.981266426345675,0.0003527329839449151,952.5405627905326,0.5827380334644431,4.5341796875
341,1.7850351333618164,5.959789331339316,0.00034991416936678275,718.987593477469,0.6016019120656061,4.5341796875
342,2.422980308532715,11.279425439213886,0.00034710510668975626,2265.679622549144,0.5753913031780139,4.5341796875
343,2.3525123596191406,10.511946366618647,0.00034430593282358773,2248.904754624035,0.6990547880926243,4.5341796875
344,1.7554525136947632,5.786065423486659,0.0003415167841960623,905.2449588326446,0.581550002261989,4.5341796875
345,1.2661750316619873,3.5472584291866,0.00033873779674634927,920.5589702349619,0.6237662562863675,4.5341796875
346,0.7982112169265747,2.221563477009878,0.0003359691059183761,963.9888064223915,0.7938136127042253,4.5341796875
347,1.6549348831176758,5.232739171423017,0.0003332108466542281,728.1432115174654,0.5325175886969392,4.5341796875
348,1.8421008586883545,6.309780303098029,0.0003304631533875702,869.5512020751153,0.5129220072375551,4.5341796875
349,1.7989773750305176,6.043464106026472,0.0003277261600370961,850.9475796449411,0.5115663114623149,4.5341796875
350,1.3007868528366089,3.6721850003078815,0.0003250000000000001,931.5096201060129,0.5924753305198841,4.5341796875
351,1.250657081604004,3.4926371512645815,0.0003222848061454764,2380.649191071971,0.5963824581438176,4.5341796875
352,0.9600270986557007,2.611767247845587,0.00031958071080824286,2340.4285801473475,0.7266356485058616,4.5341796875
353,1.361225962638855,3.9009728183727224,0.00031688784578209146,2341.137892164024,0.5837829714064441,4.5341796875
354,1.6984070539474487,5.465234630159617,0.00031420634231346445,2048.4727653591317,0.5252431283398824,4.5341796875
355,1.540726900100708,4.667982194771385,0.00031153633109505784,2069.3970208165097,0.5588329527378106,4.5341796875
356,2.1349687576293945,8.456782292807718,0.0003088779422594514,2279.1017755372777,0.5310303794183161,4.5341796875
357,1.5257971286773682,4.598807950319968,0.00030623130537276713,2308.8143602358396,0.5452580719136398,4.5341796875
358,2.820779800415039,16.78993836948976,0.0003035965494283524,2273.330688239566,0.7020401595269214,4.5341796875
359,1.396704912185669,4.041859717565928,0.0003009738028404952,2269.079056478574,0.5857881170224839,4.5341796875
360,1.3392601013183594,3.816218845221609,0.000298363193438164,2477.810473458669,0.6040683394862785,4.5341796875
361,1.7795119285583496,5.926962931191866,0.00029576484845877796,2341.178728961937,0.5948662500984809,4.5341796875
362,1.1290391683578491,3.092683523899696,0.0002931788945420058,2341.1072655004828,0.6549275705802611,4.5341796875
363,2.3741798400878906,10.742199250958768,0.00029060545772359306,2049.0161289091425,0.5925303456046884,4.5341796875
364,1.8252002000808716,6.204036943481852,0.0002880446634292198,2340.4336815765323,0.5756576039299205,4.5341796875
365,1.8639432191848755,6.449116980482101,0.00028549663646838715,2341.127683187141,0.4856823698766462,4.5341796875
366,0.7776628732681274,2.176379841489777,0.0002829615010283344,2341.091952469203,0.7720788129495987,4.5341796875
367,2.0739684104919434,7.956334552857572,0.0002804393806679864,2049.027859357855,0.597147027003022,4.5341796875
368,1.492349624633789,4.4475332855522804,0.0002779303983119313,2340.469392203535,0.5261108648137439,4.5341796875
369,1.7154382467269897,5.559111240903703,0.00027543467624442956,2341.1991478951395,0.49773309587364345,4.5341796875
370,1.1692607402801514,3.219611629353711,0.00027295233610345374,2341.015390317552,0.6028505599288289,4.5341796875
371,1.5589433908462524,4.753795686542355,0.00027048349887476037,2341.806774116159,0.5224153625502336,4.5341796875
372,1.7661969661712646,5.848568708947948,0.0002680282848859929,2340.448985997524,0.5050656955067445,4.5341796875
373,1.5105977058410645,4.529437256504496,0.0002655868138008171,2341.127683187141,0.5111838062006758,4.5341796875
374,1.65227472782135,5.2188377707418745,0.0002631592046130896,2341.127683187141,0.5064675149520252,4.5341796875
375,1.5313777923583984,4.624544096418835,0.0002607455756410573,2341.2144623287822,0.5324647041871484,4.5341796875
376,1.4700815677642822,4.3495899129183115,0.0002583460445215911,2284.5522115910394,0.5306582068189432,4.5341796875
377,1.059995174407959,2.8863570608526916,0.00025596072820445253,2308.283277690474,0.6108920979418022,4.5341796875
378,1.2529969215393066,3.500818931445802,0.00025358974294659376,2297.162138628774,0.5551830389241298,4.5341796875
379,1.4923903942108154,4.447714613299446,0.0002512332043064913,2382.3870068781894,0.5233797125660841,4.5341796875
380,1.354868769645691,3.8762522412994453,0.00024889122713851394,2341.2706169663006,0.5402537324649108,4.5341796875
381,1.8293054103851318,6.229558169027392,0.0002465639255873246,2340.9592479222806,0.5266914563868625,4.5341796875
382,1.1184121370315552,3.0599914964776485,0.00024425141308231766,2048.5509294148396,0.5915312275047624,4.5341796875
383,2.0732367038726807,7.950514979569973,0.00024195380233209008,2289.906684125894,0.4866380182158358,4.5341796875
384,1.679168462753296,5.361096165986732,0.00023967120531894859,2022.8364650251503,0.5210277277449149,4.5341796875
385,1.1703920364379883,3.2232560246762545,0.0002374037332934512,2259.163117553121,0.5901921163334097,4.5341796875
386,1.4947830438613892,4.458369177351374,0.00023515149676898555,2293.447842487259,0.5083791487553445,4.5341796875
387,1.0732725858688354,2.924935958367263,0.0002329146055163824,995.5281545386695,0.5968446954766814,4.5341796875
388,1.6281208992004395,5.094293028772143,0.00023069316855856567,791.406694375018,0.5034354946038393,4.5341796875
389,1.8457214832305908,6.332667055686887,0.0002284872941652386,779.3750029033981,0.4857656425923239,4.5341796875
390,0.5050382614135742,1.6570489202820113,0.0002262970898476071,862.4376903602226,0.8091210328063918,4.5341796875
391,1.8796840906143188,6.551434875477406,0.00022412266235313972,716.8821773888799,0.5207140596038929,4.5341796875
392,1.1781883239746094,3.24848366864962,0.0002219641176603649,865.1463802563834,0.5823138177569903,4.5341796875
393,0.7821424603462219,2.186150993528385,0.0002198215609737056,882.5896705603654,0.7293051942307388,4.5341796875
394,1.548137903213501,4.702705132322686,0.00021769509671835225,807.3198236401586,0.5100360264633335,4.5341796875
395,1.552954912185669,4.72541275263579,0.00021558482853517255,891.8891864413538,0.4911843706323461,4.5341796875
396,1.2804979085922241,3.598430969292591,0.0002134908592756607,897.3190318324,0.5413885770394505,4.5341796875
397,2.231017827987671,9.309336562304512,0.00021141329099692407,2340.448985997524,0.5100817856483385,4.5341796875
398,1.931718111038208,6.901357359593017,0.00020935222495670967,712.5799432851728,0.5126324328025705,4.5341796875
399,1.2248433828353882,3.4036329736991715,0.00020730776160846856,780.2341294264772,0.5357390744625241,4.5341796875
400,0.5497082471847534,1.7327474101797173,0.00020528000059645996,865.7406958874685,0.7814094522152123,4.5341796875
401,1.0725183486938477,2.9227306946834726,0.00020326904075089488,723.0248722449933,0.601757322101247,4.5341796875
402,2.112574815750122,8.269506351263002,0.00020127498008311925,2340.4285801473475,0.4806129757256407,4.5341796875
403,1.670593023300171,5.315318970726631,0.00019929791578083655,910.4977685745079,0.5133350043182041,4.5341796875
404,0.9599504470825195,2.6115670594497327,0.00019733794420337213,910.4792392193774,0.6165581911602489,4.5341796875
405,1.0044147968292236,2.7303090197246056,0.00019539516087697516,910.4159362793021,0.5834102551931988,4.5341796875
406,1.5028990507125854,4.494700565610416,0.00019346966049016423,780.390640910006,0.4820411607981796,4.5341796875
407,0.6339434385299683,1.8850294394624258,0.00019156153688911173,819.3906693681009,0.7210086372968018,4.5341796875
408,1.2759902477264404,3.582246966236264,0.00018967088307306998,910.4390948703839,0.5269050269929522,4.5341796875
409,0.685757040977478,1.9852742007108763,0.00018779779118983868,910.4197959626655,0.6882915062869268,4.5341796875
410,1.2429598569869995,3.465856738254799,0.00018594235253127368,963.8996728775643,0.5256001053063639,4.5341796875
411,1.7589221000671387,5.806175543955777,0.00018410465752883762,780.447363467008,0.494337979679423,4.5341796875
412,1.2334870100021362,3.433180221873133,0.00018228479574919218,795.9285389717007,0.5410082921171346,4.5341796875
413,1.1740529537200928,3.2350777242906745,0.00018048285588983317,883.7504919821923,0.5591675133831978,4.5341796875
414,1.3672233819961548,3.9244388858519854,0.00017869892577476723,870.9964875962667,0.5327561519096189,4.5341796875
415,1.5929794311523438,4.9183810975932625,0.00017693309235023127,841.3473758772999,0.4891292060736575,4.5341796875
416,0.6145917177200317,1.8489015716874395,0.00017518544168045524,938.5658202974763,0.7040988197259809,4.5341796875
417,1.5407389402389526,4.668038398260682,0.00017345605894346727,910.4398668437109,0.4993806848573925,4.5341796875
418,1.8648996353149414,6.455287970533727,0.0001717450284269421,807.3932777747282,0.5337827935576912,4.5341796875
419,1.0679723024368286,2.9094739813953985,0.00017005243352409332,824.9215590617603,0.5382652249915033,4.5341796875
420,2.2543814182281494,9.529396775448317,0.00016837835672960832,2028.4539690935883,0.5384944018603313,4.5341796875
421,1.5706439018249512,4.8097441999741,0.00016672287963562856,2466.846533982434,0.473641062463365,4.5341796875
422,2.908522367477417,18.329693994675267,0.00016508608292777201,2244.4858368991054,0.8034049768325584,4.5341796875
423,0.8060444593429565,2.239033857801266,0.00016346804638120102,2105.1903733984254,0.6102595200792137,4.5341796875
424,0.5009090900421143,1.6502207882845232,0.00016186884885673416,865.7637315809632,0.7685063584336226,4.5341796875
425,1.254934549331665,3.507608791489828,0.00016028856829700258,837.4293192573944,0.4904841932989232,4.5341796875
426,1.700506567955017,5.476721020519719,0.00015872728172265145,2096.279914801069,0.5101261928258297,4.5341796875
427,1.51829195022583,4.564422272717128,0.00015718506522858572,2227.1626178149477,0.48498305351836823,4.5341796875
428,1.6380831003189087,5.145297034738228,0.00015566199398026143,2170.547889877842,0.4698856617711551,4.5341796875
429,1.4152545928955078,4.117534627603541,0.00015415814221002264,2181.869917906202,0.5065920937029023,4.5341796875
430,2.523132801055908,12.467594037941664,0.00015267358321348286,2186.0944481431034,0.7731831205320865,4.5341796875
431,1.7022855281829834,5.486472560624169,0.00015120838934595338,2237.9692194821005,0.4739589814542794,4.5341796875
432,2.3660030364990234,10.654720533120752,0.00014976263201891608,1995.9362039095554,0.547445984485642,4.5341796875
433,2.1099042892456055,8.247451877008883,0.00014833638169654348,2523.215697517301,0.5747224210654149,4.5341796875
434,1.1626827716827393,3.198502628447407,0.0001469297078922642,2136.6805909322466,0.5241336532379816,4.5341796875
435,1.05088472366333,2.8601804683518983,0.00014554267916537495,1921.149216505101,0.5427615329273199,4.5341796875
436,0.9249519109725952,2.5217469890821964,0.00014417536311769885,2186.2235289326873,0.5723700848035999,4.5341796875
437,1.7532609701156616,5.77339889365525,0.0001428278263902913,1973.768348143219,0.46461147689619947,4.5341796875
438,1.2407056093215942,3.458052638285824,0.00014150013466019114,2206.077054569362,0.5085927803473912,4.5341796875
439,1.1394022703170776,3.124899961378498,0.00014019235263722034,2238.5104363851665,0.5111691295728852,4.5341796875
440,1.3336231708526611,3.794767601335352,0.00013890454406082956,2011.2986185387417,0.4964194364245715,4.5341796875
441,1.7455036640167236,5.728786132345746,0.00013763677169699218,2167.2927033082374,0.5266267866685095,4.5341796875
442,1.361297845840454,3.9012532428670426,0.00013638909733514453,2507.9456621260533,0.4958890135554529,4.5341796875
443,1.3834850788116455,3.988778640130873,0.00013516158178517482,2158.59610072654,0.48674004864868753,4.5341796875
444,1.614042043685913,5.023073732746298,0.00013395428487445913,2134.425234415844,0.5042688126648195,4.5341796875
445,1.797781229019165,6.036239562207318,0.0001327672654449457,2332.791254057295,0.532949993270068,4.5341796875
446,0.9446648359298706,2.571951208476968,0.0001316005813502869,2200.19143399273,0.588108718025937,4.5341796875
447,0.7710850834846497,2.162111052398661,0.00013045428945301953,2208.645458023589,0.6419146289005914,4.5341796875
448,2.202618360519409,9.04867520238424,0.0001293284456217935,2015.9849797414263,0.4651835850880439,4.5341796875
449,1.8765616416931152,6.531010258723876,0.00012822310472864886,2448.541636356588,0.5359175867425704,4.5341796875
450,1.1532663106918335,3.168525414356522,0.00012713832064634127,2166.9646602960615,0.5110494996342239,4.5341796875
451,0.9359327554702759,2.5495904934498634,0.0001260741462457165,2232.580693721904,0.5861828270591333,4.5341796875
452,1.1870625019073486,3.277439580669129,0.00012503063339313356,2176.4742854826286,0.51434025386561,4.5341796875
453,0.8688958883285522,2.3842768917537422,0.00012400783294793668,572.9605511989174,0.5849666453002228,4.5341796875
454,0.8953271508216858,2.4481365683573695,0.00012300579475997656,913.4885310056745,0.5655374625990859,4.5341796875
455,2.694636821746826,14.800142687143822,0.00012202456766718092,2203.754310565992,0.610284722097053,4.5341796875
456,1.4184770584106445,4.13082464275553,0.0001210641994931739,1007.5157957159961,0.4956317721432823,4.5341796875
457,0.9391109347343445,2.557706439221816,0.00012012473704494537,932.6221095008751,0.5933143956031138,4.5341796875
458,3.1710572242736816,23.832667516564022,0.00011920622611056974,2184.1200781915854,0.9769211663767221,4.5341796875
459,1.9772309064865112,7.222714895165729,0.00011830871145697412,2410.963368795441,0.5667502822962686,4.5341796875
460,1.4517871141433716,4.270739999189352,0.0001174322368277565,906.8864979091832,0.4867492891221712,4.5341796875
461,1.3034944534301758,3.682141283330772,0.00011657684494105385,925.0183058101499,0.5103866569492507,4.5341796875
462,0.9994893670082092,2.7168941384067633,0.00011574257748745987,889.0850770849877,0.5708554667829999,4.5341796875
463,0.9261171221733093,2.524687069493906,0.00011492947512799329,935.7414780426972,0.5804541084276851,4.5341796875
464,1.286897897720337,3.6215347414591164,0.00011413757749211603,944.1380988892719,0.5365505284630832,4.5341796875
465,1.945618748664856,6.9979604944375895,0.00011336692317580159,847.4063635473983,0.49180880579839564,4.5341796875
466,1.0194543600082397,2.7716820107429982,0.00011261754973965423,932.8716715015635,0.5466524728784344,4.5341796875
467,1.289557933807373,3.63118097854333,0.00011188949370707788,736.3666204440933,0.5048373590634143,4.5341796875
468,0.9861525893211365,2.680900081172465,0.00011118279056249654,905.386934334389,0.5736196703856852,4.5341796875
469,0.7935553789138794,2.2112442782255974,0.00011049747474962444,938.701207054366,0.6125930131264181,4.5341796875
470,0.7748234272003174,2.1702088934898955,0.00010983357966978745,897.8547684290537,0.6250680944389218,4.5341796875
471,1.1490370035171509,3.155153044950025,0.00010919113768029518,839.7832494130271,0.5126617789947948,4.5341796875
472,1.415747046470642,4.119562821606349,0.00010857018009286381,868.6114197283683,0.5035749627252124,4.5341796875
473,0.7381651997566223,2.0920934173205468,0.00010797073717209013,710.0340051843623,0.5998713066726304,4.5341796875
474,1.6119604110717773,5.012628414070814,0.0001073928381339764,808.2313572820036,0.45800105978022215,4.5341796875
475,1.2708489894866943,3.5638769724091364,0.00010683651114450639,933.9979802003968,0.47175591310405757,4.5341796875
476,1.0054737329483032,2.7332017739124725,0.00010630178331827282,895.8995016299446,0.5219592241726166,4.5341796875
477,1.1525788307189941,3.1663478651872055,0.00010578868071715545,896.3400032389529,0.4913523393271658,4.5341796875
478,0.8495945930480957,2.3386985350673313,0.00010529722834905125,880.0152638221844,0.5642524430253865,4.5341796875
479,2.2220263481140137,9.226007039241264,0.00010482745016665526,2198.3715527019444,0.5951540615834479,4.5341796875
480,2.33935809135437,10.37457489554952,0.00010437936906629334,1870.4446143849827,0.5776313510336244,4.5341796875
481,0.5574537515640259,1.7462205235051114,0.00010395300688680624,2151.3043645514435,0.6929725865575931,4.5341796875
482,1.1844542026519775,3.268902176344174,0.00010354838440848502,2225.985243600827,0.5036520657739374,4.5341796875
483,0.938822329044342,2.556968377099688,0.00010316552135205839,1046.6717524659725,0.5661528421833143,4.5341796875
484,0.6989313364028931,2.0116018327438874,0.00010280443637773164,2040.3994063556431,0.6443749280344842,4.5341796875
485,1.3649561405181885,3.9155513141749374,0.00010246514708427702,2176.549287181015,0.47909967580495555,4.5341796875
486,0.5873579382896423,1.799228457499761,0.00010214767000817597,866.3973443458418,0.67970599330964,4.5341796875
487,1.2357535362243652,3.440970439903414,0.00010185202062281335,887.8221084478312,0.4867501440784022,4.5341796875
488,1.6229826211929321,5.068184269413993,0.00010157821333772304,2179.7659821963275,0.46801890439618266,4.5341796875
489,1.0248401165008545,2.7866498856121535,0.0001013262614978859,2602.2282368451665,0.5383680142224803,4.5341796875
490,0.9328916072845459,2.541848589052413,0.00010109617738307911,912.6204999711019,0.557864506631982,4.5341796875
491,0.9429540634155273,2.56755494661548,0.0001008879722072778,900.7251356026327,0.5510955645923845,4.5341796875
492,1.8507399559020996,6.3645272501344525,0.00010070165611810854,2261.4565344217895,0.581207820527972,4.5341796875
493,2.039058208465576,7.683369657845266,0.00010053723819635472,2179.465119158532,0.5807595841856831,4.5341796875
494,1.0219899415969849,2.77871875396754,0.00010039472645551373,2195.4902375339166,0.5312528760792852,4.5341796875
495,1.5038306713104248,4.498889872357689,0.00010027412784140692,2193.077734091768,0.4746607920530167,4.5341796875
496,2.235830068588257,9.354243294011734,0.00010017544823184054,2195.499215850654,0.4588033467087965,4.5341796875
497,0.890593409538269,2.4365751092837358,0.00010009869243631953,1909.1594549230463,0.5487317186265986,4.5341796875
498,2.202397346496582,9.046675539261441,0.0001000438641958131,2169.499731272958,0.6019018112640079,4.5341796875
499,1.4302773475646973,4.179858304698851,0.00010001096618257237,2231.648021482179,0.45854634633361324,4.5341796875
500,1.4800820350646973,4.393306071284024,0.0001,2212.87863749526,0.4527552449974952,4.5341796875
